{
  "project_info": {
    "project_number": "260748864514",
    "project_id": "g107-sprin4-final",
    "storage_bucket": "g107-sprin4-final.appspot.com"
  },
  "client": [
    {
      "client_info": {
        "mobilesdk_app_id": "1:260748864514:android:18ea0cbea3d2c2da968b1b",
        "android_client_info": {
          "package_name": "com.example.g107_sprin4_final"
        }
      },
      "oauth_client": [
        {
          "client_id": "260748864514-7qi68gv26vbhst77un2p7n30o532ct62.apps.googleusercontent.com",
          "client_type": 3
        }
      ],
      "api_key": [
        {
          "current_key": "AIzaSyBP8-z9A2Vzttp6H1H5a-P1IMd4UKRgpEQ"
        }
      ],
      "services": {
        "appinvite_service": {
          "other_platform_oauth_client": [
            {
              "client_id": "260748864514-7qi68gv26vbhst77un2p7n30o532ct62.apps.googleusercontent.com",
              "client_type": 3
            }
          ]
        }
      }
    }
  ],
  "configuration_version": "1"
}